file,top,bottom,arrow,ref_line,damage,glare,blur
000000.png,F4.5,U8.5,right,1,0.0,0,0.0
000001.png,F4.0,U6.5,left,0,0.0,1,0.0
000002.png,F4.0,U7.5,right,1,1.0,0,0.6
000003.png,F6.0,U8.0,left,1,0.0,0,0.6
000004.png,F9.5,U8.0,left,1,0.0,0,1.2
000005.png,F11.5,U8.0,left,1,0.3,0,1.2
000006.png,F12.0,U6.5,left,1,0.0,0,1.2
000007.png,F6.0,U9.5,right,0,0.6,1,0.0
000008.png,F10.0,U4.0,right,1,0.3,0,0.0
000009.png,F8.5,,left,0,0.0,0,0.6
000010.png,F8.5,U7.5,left,0,0.0,0,0.0
000011.png,F9.5,U6.0,left,1,0.6,0,1.2
000012.png,F8.5,U8.0,right,1,0.6,0,0.0
000013.png,F11.5,U4.5,left,1,0.0,1,1.2
000014.png,F10.0,,left,1,0.0,0,0.6
000015.png,F8.0,U6.0,right,1,0.6,0,0.0
000016.png,F10.5,U3.5,right,1,0.6,0,0.0
000017.png,F9.5,U3.5,right,1,1.0,1,0.0
000018.png,F7.0,U4.5,right,1,0.3,0,0.0
000019.png,F12.0,U9.5,right,1,0.0,0,0.0
000020.png,F10.0,U9.5,right,1,0.6,0,1.2
000021.png,F11.0,U6.5,right,1,0.3,0,0.0
000022.png,F11.0,,right,1,1.0,0,0.6
000023.png,F10.5,,right,0,0.0,0,0.0
000024.png,F6.0,U6.5,left,1,0.0,0,0.0
000025.png,F11.5,U7.5,left,1,0.0,0,1.2
000026.png,F8.5,,left,1,0.3,0,1.2
000027.png,F8.5,,left,0,0.0,0,0.6
000028.png,F10.0,,left,1,0.0,0,0.0
000029.png,F12.0,U3.0,right,1,1.0,0,0.6
000030.png,F7.5,U8.0,left,1,0.0,1,1.2
000031.png,F7.5,U5.0,left,1,0.0,0,0.0
000032.png,F6.5,U3.0,left,1,0.6,0,1.2
000033.png,F12.0,,right,1,0.3,0,0.0
000034.png,F8.5,U3.0,left,1,0.6,1,0.0
000035.png,F8.0,U6.5,right,0,0.6,0,0.0
000036.png,F8.5,U8.0,left,0,0.0,0,1.2
000037.png,F11.5,U3.5,right,1,0.0,0,0.0
000038.png,F4.5,,right,1,0.6,0,0.0
000039.png,F4.0,U3.5,left,0,0.0,0,0.0
